nome,autor,editora,construto,pub.alvo,idade.amostra,aplicacao,correcao,data.aprovacao,prazo.norm,prazo.val
AOL Favorável , ANNA CAROLINA NEVES LANCE CRISTIANO ESTEVES EMANUELLE DOS SANTOS ARSUFFI FELIPE FERNANDES DE LIMA JULIANA SIRACUZA REIS , VETOR EDITORA ," Atenção,Atenção concentrada, atenção dividida, atenção alternada ", Adultos e idosos , DE 18 ATÉ 70 anos , INDIVIDUAL COLETIVO INFORMATIZADO ON LINE (REMOTO) , INFORMATIZADO , 23/03/2018 , 23/03/2033 , 23/03/2038
As Pirâmides Coloridas de Pfister Favorável , ANNA ELISA DE VILLEMOR-AMARAL , HOGREFE CETEPP CENTRO EDITOR DE TESTES E PESQUISAS EM PSICOLOGIA , Personalidade    , De 18 a 66 anos , DE 18 ATÉ 66 anos , INDIVIDUAL NÃO INFORMATIZADO , NÃO INFORMATIZADO , 22/01/2005 ," 22/01/2020 - Atualização de normas aprovada na Plenária de 17/04/2020, com vigência até 17/04/2035 ", 22/01/2025
Avaliação dos Interesses Profissionais (AIP) Favorável , DENISE RUSCHEL BANDEIRA ROSANE SCHOTGUES LEVENFUS , VETOR EDITORA , Interesses/Motivações/Necessidades/Expectativas     , Adolescentes e adultos , DE 15 ATÉ 39 anos , INDIVIDUAL COLETIVO NÃO INFORMATIZADO , NÃO INFORMATIZADO , 24/04/2009 , 24/04/2024 , 24/04/2029
Bateria de Avaliação para Seleção - eletrônica (BASe) Favorável , FABIANO KOICH MIGUEL GISELE APARECIDA DA SILVA ALVES LUCAS DE FRANCISCO CARVALHO , CASAPSI LIVRARIA E EDITORA LTDA ," Atenção,Inteligência ,Memória, Atenção concentrada, atenção dividida, atenção alternada ", Adultos , DE 18 ATÉ 65 anos , INDIVIDUAL INFORMATIZADO , INFORMATIZADO , 23/02/2019 , 23/02/2034 , 23/02/2039
Bateria de Funções Mentais para Motorista - Teste de Atenção Concentrada (BFM - 4 ) Favorável , EMÍLIO CARLOS TONGLET , VETOR EDITORA ," Atenção,Atenção concentrada ", A partir de 18 anos , A PARTIR DE 18 , INDIVIDUAL COLETIVO NÃO INFORMATIZADO , NÃO INFORMATIZADO , 22/08/2003 ," 22/08/2018 - Atualização de normas aprovada na Plenária de 31/08/2018, com vigência até 31/08/2033 ", 22/08/2023
Bateria de Funções Mentais para Motorista - Teste de Memória (BFM - 2) Favorável , EMIÍLIO CARLOS TONGLET , VETOR EDITORA , memória , A partir de 18 anos , A PARTIR DE 18 , INDIVIDUAL COLETIVO NÃO INFORMATIZADO , NÃO INFORMATIZADO , 25/10/2003 ," 25/10/2018 - Atualização de normas aprovada na Plenária de 29/09/2018, com vigência até 29/09/2033 ", 25/10/2023
Bateria de Funções Mentais para Motorista - Teste de Raciocínio Lógico (BFM-3) Favorável , EMÍLIO CARLOS TONGLET , VETOR EDITORA , raciocínio lógico , A partir de 18 anos , A PARTIR DE 18 ANOS , INDIVIDUAL COLETIVO NÃO INFORMATIZADO , NÃO INFORMATIZADO , 22/09/2008 ," 22/09/2023 - Atualização de normas aprovada na Plenária de 06/08/2021, com vigência até 06/08/2036 ", 22/09/2028
Bateria de Funções Mentais para Motorista - Testes de Atenção - 2a. edição (BFM-1) Favorável , EMÍLIO CARLOS TONGLET , VETOR EDITORA ," Atenção,Atenção concentrada, difusa e discriminativa "," Sujeitos com nível superior incompleto ou completo, de 18 a 59 anos ", DE 18 ATÉ 59 anos , INDIVIDUAL COLETIVO NÃO INFORMATIZADO , INFORMATIZADO NÃO INFORMATIZADO , 11/04/2008 , 11/04/2023 - Atualização de normas em avaliação , 11/04/2028
Bateria de Provas de Raciocínio (BPR-5) Favorável , LEANDRO S. ALMEIDA RICARDO PRIMI , CASAPSI LIVRARIA E EDITORA LTDA , Raciocínio , Forma A: 7º a 9º ano do Ensino Fundamental Forma B: 1ª a 3ª ano do Ensino Médio , Estudantes do ensino fundamental e médio , INDIVIDUAL COLETIVO NÃO INFORMATIZADO , INFORMATIZADO NÃO INFORMATIZADO , 11/04/2003 ," 11/04/2018 - Atualização de normas aprovada na Plenária de 19/05/2018, com vigência até 19/05/2033 ", 11/04/2023
Bateria Fatorial de Personalidade (BFP) Favorável , CARLOS HENRIQUE SANCINETO DA SILVA NUNES CLAUDIO SIMON HUTZ MAIANA FARIAS OLIVEIRA NUNES. , CASAPSI LIVRARIA E EDITORA LTDA , Personalidade    , Adolescentes e adultos , DE 10 ATÉ 75 anos , INDIVIDUAL COLETIVO NÃO INFORMATIZADO , INFORMATIZADO , 01/08/2009 , 01/08/2024 , 01/08/2029
Bateria Geral de Funções Mentais - Teste de Memória de Reconhecimento (BGFM - 4) Favorável , EMÍLIO CARLOS TONGLET , VETOR EDITORA , memória de reconhecimento ," De 15 até 89 anos, com escolaridade a partir do nível fundamental ", DE 15 ATÉ 89 anos , INDIVIDUAL COLETIVO NÃO INFORMATIZADO , NÃO INFORMATIZADO , 11/04/2008 , 11/04/2023 - Atualização de normas em avaliação , 11/04/2028
Bateria Geral de Funções Mentais - Testes de Atenção Concentrada (BGFM-2) Favorável , EMÍLIO CARLOS TONGLET , VETOR EDITORA ," Atenção,atenção concentrada ", De 15 a 59 anos , DE 15 ATÉ 59 anos , INDIVIDUAL COLETIVO , NÃO INFORMATIZADO , 27/11/2004 ," 27/11/2019 - Atualização de normas aprovada na Plenária de 30/11/2019, com vigência até 30/11/2034 ", 27/11/2024
Bateria Geral de Funções Mentais - Testes de Atenção Difusa ( BGFM-1) Favorável , EMÍLIO CARLOS TONGLET , VETOR EDITORA ," Atenção,Atenção Difusa ", De 15 a 59 anos , DE 18 ATÉ 59 anos , INDIVIDUAL COLETIVO NÃO INFORMATIZADO , NÃO INFORMATIZADO , 24/10/2003 ," 24/10/2018 - Atualização de normas aprovada na Plenária de 29/09/2018, com vigência até 29/09/2033 ", 24/10/2023
Bateria Online de Inteligência Emocional (BOLIE) Favorável , FABIANO KOICH MIGUEL , VETOR EDITORA ," Habilidades/Competências,Inteligência "," Público geral, de todos os estados brasileiros, do ensino fundamental à pós-graduação. ", DE 9 ATÉ 88 anos , INDIVIDUAL COLETIVO INFORMATIZADO ON LINE (REMOTO) , INFORMATIZADO , 18/06/2021 , 18/06/2036 , 18/06/2041
Bateria Psicológica para Avaliação da Atenção (BPA) Favorável , FABIÁN JAVIER MARÍN RUEDA , VETOR EDITORA ," Atenção,Atenção geral - atenção concentrada, atenção dividida e atenção alternada ", De 6 até 82 anos , DE 6 ATÉ 82 anos , INDIVIDUAL COLETIVO NÃO INFORMATIZADO , INFORMATIZADO NÃO INFORMATIZADO , 31/01/2013 ," 31/01/2028 - Atualização de normas aprovada na Plenária de 09/07/2021, com vigência até 09/07/2036 ", 31/01/2033
Bateria Psicológica para Avaliação da Atenção-2 (BPA-2) Favorável , FABIÁN JAVIER MARÍN RUEDA , VETOR EDITORA , Atenção ," Pessoas de 6 a 94 anos, homens e mulheres, com escolaridades variando desde pessoas não alfabetizadas até a pós-graduação concluída, das cinco regiões geográficas do Brasil, com normas de interpretação específicas para os 26 estados da federação e o Distrito Federal. ", DE 06 ATÉ 94 anos , INDIVIDUAL COLETIVO , NÃO INFORMATIZADO , 30/09/2022 , 30/09/2037 , 30/09/2042
Bateria Rotas de Atenção (Rotas) Favorável , IVAN SANT ANA RABELO NELIMAR RIBEIRO DE CASTRO ROBERTO MORAES CRUZ , EDITORA NILA PRESS ," Atenção,Processos perceptivos/cognitivos ,Atenção geral - atenção concentrada, atenção divida e atenção alternada "," Avaliação pericial no trânsito, avaliação para porte de arma, avaliação da população geral ", DE 18 ATÉ 65 anos , INDIVIDUAL COLETIVO , INFORMATIZADO NÃO INFORMATIZADO , 21/09/2019 , 21/09/2034 - Atualização de normas em avaliação , 21/09/2039
Casa - Árvore- Pessoa - Técnica Projetiva de Desenho (HTP) Favorável , IRAÍ CRISTINA BOCCATO ALVES RENATO CURY TARDIVO , VETOR EDITORA , Personalidade    , A partir de 8 anos , A PARTIR DE 8 ANOS , INDIVIDUAL NÃO INFORMATIZADO , NÃO INFORMATIZADO ," 16/01/2004 Prazo dos estudos de validade 16/01/2024 Observação Os escores desse instrumento são interpretados com referência a um critério teórico (e não com referência à norma); portanto novas evidências empíricas da interpretação dos escores devem ser apresentadas juntamente com os estudos de validade e precisão, que vencem em 2024.",NA," 16/01/2024 Observação Os escores desse instrumento são interpretados com referência a um critério teórico (e não com referência à norma); portanto novas evidências empíricas da interpretação dos escores devem ser apresentadas juntamente com os estudos de validade e precisão, que vencem em 2024."
Coleção de Testes de Atenção (CTA) Favorável , CRISTIANO ESTEVES , VETOR EDITORA ," Atenção,Atenção Concentrada, Atenção Alternada e Atenção Dividida "," pessoas de 18 a 82 anos, homens e mulheres, com escolaridade desde o ensino fundamental incompleto até a pós-graduação concluída, e das cinco regiões geográficas do Brasil ", DE 18 ATÉ 82 anos , INDIVIDUAL COLETIVO , NÃO INFORMATIZADO , 18/06/2021 ," 18/06/2036 - Atualização de normas aprovada na Plenária de 01/07/2022, com vigência até 01/07/2037 ", 18/06/2041
Core Drivers Diagnostic - versão brasileira (CDD) Favorável , ANGELA COY LUCAS CARVALHO URI ORT REECE AKHTAR , NÃO SE APLICA , Personalidade    , Indivíduos com 18 anos ou mais , DE 18 ATÉ 80 anos , ON LINE (REMOTO) , INFORMATIZADO , 19/03/2021 , 19/03/2036 , 19/03/2041
Desenho da figura humana. Avaliação do desenvolvimento cognitivo infantil (DFH IV) Favorável , SOLANGE MUGLIA WECHSLER , LAMP/ PUC-CAMPINAS , Desenvolvimento , crianças , DE 5 ATÉ 12 anos , INDIVIDUAL COLETIVO , NÃO INFORMATIZADO , 07/12/2018 , 07/12/2033 , 07/12/2038
Escala de Inteligência Wechsler para Crianças - 4ª edição (WISC-IV) Favorável , ACÁCIA APARECIDA ANGELI DOS SANTOS ANA PAULA PORTO NORONHA FABIÁN JAVIER MARÍN RUEDA FERMINO FERNANDES SISTO NELIMAR RIBEIRO DE CASTRO , CASAPSI LIVRARIA E EDITORA LTDA , Inteligência , De 6 a 16 anos , DE 6 ATÉ 16 anos , INDIVIDUAL NÃO INFORMATIZADO , INFORMATIZADO NÃO INFORMATIZADO , 03/12/2011 , 03/12/2026 , 03/12/2031
Escala Baptista de Depressão - Versão Adulto (EBADEP-A) Favorável , MAKILIM NUNES BAPTISTA , VETOR EDITORA , Depressão , De 17 a 81 anos , DE 34 ATÉ 44 anos , INDIVIDUAL COLETIVO NÃO INFORMATIZADO , NÃO INFORMATIZADO , 18/11/2011 , 18/11/2026 , 18/11/2031
Escala Baptista de Depressão - versão idosos (EBADEP-ID) Favorável , MAKILIM NUNES BAPTISTA , NÃO SE APLICA ," Crenças/Valores/Atitudes,Processos afetivos/emocionais,Processos perceptivos/cognitivos ,Saúde Mental e Psicopatologia  ", Pessoas a partir de 60 anos de idade , A partir de 60 anos , INDIVIDUAL COLETIVO , NÃO INFORMATIZADO , 21/09/2019 , 21/09/2034 , 21/09/2039
Escala Baptista de Depressão - versão Infanto-Juvenil (EBADEP-IJ) Favorável , MAKILIM NUNES BAPTISTA , HOGREFE CETEPP CENTRO EDITOR DE TESTES E PESQUISAS EM PSICOLOGIA ," Processos afetivos/emocionais,Saúde Mental e Psicopatologia  ", crianças e adolescentes , DE 7 ATÉ 18 anos , INDIVIDUAL COLETIVO , NÃO INFORMATIZADO , 22/09/2017 , 22/09/2032 , 22/09/2037
Escala Baptista de Depressão - versão saúde (EBADEP-Saúde) Favorável , MAKILIM NUNES BAPTISTA , NÃO SE APLICA , Saúde Mental e Psicopatologia  , Pacientes hospitalares e ambulatoriais com problemas de saúde física. , DE 18 ATÉ 80 anos , INDIVIDUAL COLETIVO NÃO INFORMATIZADO ON LINE (REMOTO) , INFORMATIZADO NÃO INFORMATIZADO , 30/09/2022 , 30/09/2037 , 30/09/2042
Escala Brasileira de Burnout (EBBurn) Favorável , HUGO FERRARI CARDOSO MAKILIM NUNES BAPTISTA , VETOR EDITORA ," Processos afetivos/emocionais,Saúde Mental e Psicopatologia  ", Trabalhadores , DE 18 ATÉ 68 anos , INDIVIDUAL COLETIVO NÃO INFORMATIZADO ON LINE (REMOTO) , INFORMATIZADO NÃO INFORMATIZADO , 03/12/2022 , 03/12/2037 , 03/12/2042
Escala de Atenção Seletiva Visual (EASV) Favorável , FERMINO FERNANDES SISTO NELIMAR RIBEIRO DE CASTRO , CASAPSI LIVRARIA E EDITORA LTDA ," Atenção,Atenção Seletiva visual ", De 18 a 70 anos , DE 18 ATÉ 70 anos , INDIVIDUAL COLETIVO NÃO INFORMATIZADO , INFORMATIZADO NÃO INFORMATIZADO , 26/11/2010 , 26/11/2025 , 26/11/2030
"Escala de Autenticidade, Agressividade e Inibição (EdAAI) Favorável ", LUIZ PASQUALI , LABPAM SABER E TECNOLOGIA ," Assertividade (Autenticidade, Agressividade e Inibição) ", Adolescentes e adultos , DE 18 ATÉ 36 anos , INDIVIDUAL COLETIVO NÃO INFORMATIZADO , INFORMATIZADO NÃO INFORMATIZADO , 27/03/2015 , 27/03/2030 ," 27/03/2035 Observação A revisão dos dados empíricos do instrumento foi submetida à análise do CFP e aprovada na reunião Plenária do dia 27/03/2015, conforme institui o art. 1º, § 1º da Resolução CFP n.º 006/2009."
Escala de Autoeficácia no Trabalho (EAE-T) Favorável , HUGO FERRARI CARDOSO MAKILIM NUNES BAPTISTA , Laboratório de Avaliação Psicológica em Saúde Mental (LAPSaM) , Crenças/Valores/Atitudes , Trabalhadores com idades entre 18 e 66 anos. , DE 18 ATÉ 66 anos , INDIVIDUAL COLETIVO NÃO INFORMATIZADO , NÃO INFORMATIZADO , 19/03/2021 , 19/03/2036 , 19/03/2041
Escala de Autoeficácia para Escolha Profissional (EAE-EP) Favorável , ANA PAULO PORTO NORONHA RODOLFO A. M. AMBIEL , CASAPSI LIVRARIA E EDITORA LTDA , autoeficácia , De 14 a 21 anos , DE 14 ATÉ 21 anos , INDIVIDUAL COLETIVO NÃO INFORMATIZADO , INFORMATIZADO NÃO INFORMATIZADO , 03/12/2011 , 03/12/2026 , 03/12/2031
Escala de Avaliação da Impulsividade - Formas A e B (EsAvI-A e EsAvI-B) Favorável , ANA CRISTINA ÁVILA-BATISTA FABIÁN JAVIER MARÍN RUEDA , VETOR EDITORA , impulsividade , A partir de 18 anos , DE 18 ATÉ 41 anos , INDIVIDUAL COLETIVO INFORMATIZADO NÃO INFORMATIZADO ON LINE (REMOTO) , INFORMATIZADO , 28/07/2012 , 28/07/2027 , 28/07/2032
Escala de avaliação da motivação para aprender de alunos do ensino fundamental (EMA-EF) Favorável , EDNA ROSA CORREIA NEVES EVELY BORUCHOVITCH , CASAPSI LIVRARIA E EDITORA LTDA , Interesses/Motivações/Necessidades/Expectativas     , De 7 a 16 anos , DE 7 ATÉ 17 anos , INDIVIDUAL COLETIVO NÃO INFORMATIZADO , NÃO INFORMATIZADO , 15/06/2012 , 15/06/2027 , 15/06/2032
Escala de Avaliação Tipológica (EAT) Favorável , EMANUEL MARIANO TADEI , NÃO SE APLICA , Personalidade    , De 13 a 63 anos , DE 13 ATÉ 63 anos , INDIVIDUAL COLETIVO INFORMATIZADO NÃO INFORMATIZADO ON LINE (REMOTO) , NÃO INFORMATIZADO , 03/12/2011 , 03/12/2026 , 03/12/2031
Escala de Desesperança BECK (BHS) (BHS) Favorável , GISELE APARECIDA ALVES MIZUTA LUCAS DE FRANCISCO CARVALHO , CASAPSI LIVRARIA E EDITORA LTDA ," Crenças/Valores/Atitudes,Processos afetivos/emocionais,Processos perceptivos/cognitivos ,Saúde Mental e Psicopatologia  ", População em geral e clínica , DE 18 ATÉ 90 anos , INDIVIDUAL COLETIVO ON LINE (REMOTO) , INFORMATIZADO , 30/09/2022 , 30/09/2037 , 30/09/2042
ESCALA DE DESREGULAÇÃO EMOCIONAL ADULTOS E ESCALA DE DESREGULAÇÃO EMOCIONAL INFANTOJUVENIL (EDEA e EDEIJ) Favorável , ANA PAULA PORTO NORONHA BRUNO BONFÁ-ARAUJO MAKILIM NUNES BAPTISTA , NÃO SE APLICA ," Habilidades/Competências,Processos afetivos/emocionais "," Crianças (a partir de 10 anos), adolescentes e adultos ", DE 10 ATÉ 59 anos , INDIVIDUAL COLETIVO NÃO INFORMATIZADO ON LINE (REMOTO) , INFORMATIZADO NÃO INFORMATIZADO , 22/10/2022 , 22/10/2037 , 22/10/2042
Escala de Empregabilidade Favorável , KELI CRISTINA DE LARA CAMPOS , VETOR EDITORA , Potencial de empregabilidade , Acima de 18 anos com instrução mínima ensino fundamental , DE 18 ATÉ 66 anos , INDIVIDUAL COLETIVO NÃO INFORMATIZADO , NÃO INFORMATIZADO , 06/05/2011 , 06/05/2026 , 06/05/2031
Escala de Ideação Suicida Beck (BSS) (BSS) Favorável , GISELE APARECIDA ALVES MIZUTA LUCAS DE FRANCISCO CARVALHO , PEARSON , Saúde Mental e Psicopatologia  ," Adulto da população geral, ambulatorial e clínica com necessidade de avaliação de sintomas relacionados à transtorno de humor e ansiedade ", DE 18 ATÉ 90 anos , INDIVIDUAL COLETIVO INFORMATIZADO ON LINE (REMOTO) , INFORMATIZADO , 22/10/2022 , 22/10/2037 , 22/10/2042
ESCALA DE IDENTIFICAÇÃO DE CARACTERÍSTICAS ASSOCIADAS ÀS ALTAS HABILIDADES/SUPERDOTAÇÃO ? AUTORRELATO (EICAH/SD) Favorável , PRISCILA ZAIA TATIANA DE CASSIA NAKANO , VETOR EDITORA ," Aprendizagem ,Crenças/Valores/Atitudes,Habilidades/Competências,Inteligência ,Interesses/Motivações/Necessidades/Expectativas     ,Processos afetivos/emocionais,Processos perceptivos/cognitivos ", Crianças e adolescentes de 9 a 12 anos , DE 9 ATÉ 12 anos , INDIVIDUAL COLETIVO NÃO INFORMATIZADO , NÃO INFORMATIZADO , 20/08/2022 , 20/08/2037 , 20/08/2042
Escala de Inteligência Wechsler Abreviada (WASI) Favorável , CLARISSA MARCELI TRENTINI DENISE BALEM YATES VANESSA STUMPF HECK , CASAPSI LIVRARIA E EDITORA LTDA , Inteligência , De 6 a 89 anos , DE 6 ATÉ 89 anos , INDIVIDUAL NÃO INFORMATIZADO , NÃO INFORMATIZADO , 18/11/2011 , 18/11/2026 , 18/11/2031
Escala de Inteligência Wechsler para Adultos (WAIS III) Favorável , DAVID WECHSLER ELIZABETH DO NASCIMENTO , CASAPSI LIVRARIA E EDITORA LTDA , Inteligência , De 16 a 89 anos , DE 16 ATÉ 64 anos , INDIVIDUAL NÃO INFORMATIZADO , NÃO INFORMATIZADO , 15/10/2004 ," 15/10/2019 - Atualização de normas aprovada na Plenária de 03/10/2020, com vigência até 03/10/2035 ", 15/10/2024
Escala de Matrizes de Vienna - 2 Versão Informatizada (WMT-2) Favorável , ANTON K. FORMANN CARLOS GUILHERME F. M. SCHLOTTFELDT KARIN WALDHERR KARL PISWANGER LEANDRO FERNANDES MALLOY-DINIZ , HOGREFE CETEPP CENTRO EDITOR DE TESTES E PESQUISAS EM PSICOLOGIA , Inteligência ," Pessoas com ensino fundamental, médio e superior "," Pessoas com ensino fundamental, médio e superior de 18 a 60 anos ", INDIVIDUAL INFORMATIZADO , INFORMATIZADO , 22/09/2017 , 22/09/2032 , 22/09/2037
Escala de Maturidade Mental Colúmbia Edição Brasileira Revisada (CMMS 3) Favorável , BESSIE B. BURGEMEISTER CARLOS GUILHERME FURTADO MACIEL SCHLOTTFELDT IRVING LORGE LEANDRO FERNANDES MALLOY-DINIZ LUCILLE HOLLANDER BLUM , CASAPSI LIVRARIA E EDITORA LTDA ," Habilidades/Competências,Inteligência ,Processos Neuropsicológicos    ", Crianças , DE 3 ATÉ 10 anos , INDIVIDUAL , NÃO INFORMATIZADO , 19/05/2018 , 19/05/2033 , 19/05/2038
Escala de Maturidade para a Escolha Profissional 2a. edição (EMEP) Favorável , KATHIA MARIA COSTA NEIVA , VETOR EDITORA , Maturidade para escolha profissional , Adolescentes cursando o 9º ano ou Ensino Médio , DE 14 ATÉ 18 anos , INDIVIDUAL COLETIVO INFORMATIZADO NÃO INFORMATIZADO ON LINE (REMOTO) , INFORMATIZADO NÃO INFORMATIZADO , 22/03/2014 , 22/03/2029 , 22/03/2034
Escala de Motivação para a Aprendizagem (EMAPRE) Favorável , ACÁCIA APARECIDA ANGELI DOS SANTOS RITA DA PENHA CAMPOS ZENORINI , CASAPSI LIVRARIA E EDITORA LTDA , motivação para aprendizagem , De 7 a 16 anos , DE 7 ATÉ 16 anos , INDIVIDUAL COLETIVO NÃO INFORMATIZADO , NÃO INFORMATIZADO , 24/05/2013 , 24/05/2028 , 24/05/2033
Escala de Pensamentos Depressivos (EPD) Favorável , ADRIANA MUNHOZ CARNEIRO MAKILIM NUNES BAPTISTA , HOGREFE CETEPP CENTRO EDITOR DE TESTES E PESQUISAS EM PSICOLOGIA , pensamentos depressivos , De 18 a 59 anos , DE 18 ATÉ 59 anos , INDIVIDUAL COLETIVO NÃO INFORMATIZADO , NÃO INFORMATIZADO , 28/02/2015 , 28/02/2030 , 28/02/2035
Escala de Percepção do Suporte Social - Versão Adolescente ( EPSUS-Adol) Favorável , HUGO FERRARI CARDOSO MAKILIM NUNES BAPTISTA , HOGREFE CETEPP CENTRO EDITOR DE TESTES E PESQUISAS EM PSICOLOGIA , Percepção de suporte social , De 12 a 17 anos , DE 12 ATÉ 17 anos , INDIVIDUAL COLETIVO NÃO INFORMATIZADO , NÃO INFORMATIZADO , 22/09/2017 , 22/09/2032 , 22/09/2037
Escala de Percepção do Suporte Social - Versão Adulto (EPSUS-A) Favorável , HUGO FERRARI CARDOSO MAKILIM NUNES BAPTISTA , HOGREFE CETEPP CENTRO EDITOR DE TESTES E PESQUISAS EM PSICOLOGIA , Percepção de Suporte social , De 18 a 62 anos , DE 18 ATÉ 62 anos , INDIVIDUAL COLETIVO NÃO INFORMATIZADO , NÃO INFORMATIZADO , 21/09/2013 , 21/09/2028 , 21/09/2033
Escala de Suporte Laboral (ESUL) Favorável , ACÁCIA APARECIDA ANGELI DOS SANTOS ANA PAULA PORTO NORONHA HUGO FERRARI CARDOSO MAKILIM NUNES BAPTISTA , HOGREFE CETEPP CENTRO EDITOR DE TESTES E PESQUISAS EM PSICOLOGIA , Percepção do indivíduo sobre o suporte no seu local de trabalho , De 17 a 71 anos , DE 17 ATÉ 71 anos , INDIVIDUAL COLETIVO NÃO INFORMATIZADO , NÃO INFORMATIZADO , 30/11/2013 , 30/11/2028 , 30/11/2033
Escala de Traços de Personalidade para Crianças (ETPC) Favorável , FERMINO FERNANDES SISTO , VETOR EDITORA , Personalidade    , De 5 a 10 anos , DE 5 ATÉ 10 anos , INDIVIDUAL COLETIVO NÃO INFORMATIZADO , NÃO INFORMATIZADO , 30/07/2004 ," 30/07/2019 - Atualização de normas aprovada na Plenária de 31/08/2019, com vigência até 31/08/2034 ", 30/07/2024
Escala de Vulnerabilidade ao Estresse no Trabalho (EVENT) Favorável , ACÁCIA APARECIDA ANGELI DOS SANTOS ANA PAULA PORTO NORONHA FERMINO FERNANDES SISTO MAKILIM NUNES BAPTISTA , VETOR EDITORA , Vulnerabilidade ao estresse , De 17 a 54 anos , DE 17 ATÉ 54 anos , INDIVIDUAL COLETIVO NÃO INFORMATIZADO , NÃO INFORMATIZADO , 06/07/2007 ," 06/07/2022 - Atualização de normas aprovada na Plenária de 03/12/2022, com vigência até 03/12/2037 ", 06/07/2027
Escala Geral (MPR ) Favorável , J. C. RAVEN MARIA CECÍLIA DE VILHENA MORAES SILVA SILÉSIA MARIA VENEROSO DELPHINO TOSI , CASAPSI LIVRARIA E EDITORA LTDA , Inteligência , De 10 a 69 anos , DE 10 ATÉ 69 anos , INDIVIDUAL COLETIVO NÃO INFORMATIZADO , NÃO INFORMATIZADO , 01/10/2010 , 01/10/2025 , 01/10/2030
Escala para Avaliação de Tendência à Agressividade (EATA) Favorável , FERMINO FERNANDES SISTO , CASAPSI LIVRARIA E EDITORA LTDA , Agressividade , De 18 a 65 anos , DE 18 ATÉ 65 anos , INDIVIDUAL COLETIVO NÃO INFORMATIZADO , NÃO INFORMATIZADO , 26/11/2010 , 26/11/2025 , 26/11/2030
Figuras Complexas de Rey Favorável , MAISA DOS SANTOS RIGONI MARGARETH DA SILVA OLIVEIRA , CASAPSI LIVRARIA E EDITORA LTDA , Percepção visual e memória , Figura A: a partir de 5 anos e Figura B: 4 a 7 anos , Figura A: de 5 a 88 anos e Figura B: 4 a 7 anos , INDIVIDUAL NÃO INFORMATIZADO , NÃO INFORMATIZADO , 19/03/2010 , 19/03/2025 , 19/03/2030
G-36 Teste não-verbal de inteligência Favorável , EFRAIM ROJAS BOCCALANDRO , VETOR EDITORA , Inteligência , Adolescentes e adultos , DE 18 ATÉ 66 anos , INDIVIDUAL COLETIVO NÃO INFORMATIZADO , INFORMATIZADO NÃO INFORMATIZADO , 27/09/2003 ," 27/09/2018 - Atualização de normas aprovada na Plenária de 31/08/2018, com vigência até 31/08/2033 ", 27/09/2023
G-38 Teste Não Verbal de Inteligência Favorável , EFRAIM ROJAS BOCCALANDRO , Vetor , Inteligência , A partir de 18 anos , DE 18 ATÉ 66 anos , INDIVIDUAL COLETIVO INFORMATIZADO NÃO INFORMATIZADO ON LINE (REMOTO) , INFORMATIZADO NÃO INFORMATIZADO , 31/08/2018 ," 31/08/2033 - Atualização de normas aprovada na Plenária de 31/08/2018, com vigência até 31/08/2033 ", 31/08/2038
HumanGuide Favorável , GISELLE MUELLER-ROGER WELTER ROLF KENMO , VETOR EDITORA , Interesses/Motivações/Necessidades/Expectativas     , De 18 a 60 anos , DE 18 ATÉ 60 anos , INDIVIDUAL INFORMATIZADO ON LINE (REMOTO) , INFORMATIZADO , 24/04/2009 , 24/04/2024 , 24/04/2029
Instrumento de Avaliação Neuropsicológica Breve ( NEUPSILIN) Favorável , JERUSA FUMAGALLI DE SALLES MARIA ALICE DE MATTOS PIMENTA PARENTE ROCHELE PAZ FONSECA , VETOR EDITORA ," Atenção,Orientação têmporo-espacial, atenção concentrada, percepção visual, habilidades aritiméticas, linguagem oral e escrita, memória verbal e visual, praxias e funções executivas ", De 18 a 90 anos , DE 12 ATÉ 90 anos , INDIVIDUAL NÃO INFORMATIZADO , NÃO INFORMATIZADO , 04/05/2013 , 04/05/2028 , 04/05/2033
Instrumento de Avaliação Neuropsicológica Breve Infantil (NEUPSILIN-Inf ) Favorável , CAMILA CRUZ-RODRIGUES CLAUDIA BERLIM DE MELLO JERUSA FUMAGALLI DE SALLES MARIA ALICE DE MATTOS PIMENTA PARENTE MÔNICA CAROLINA DE MIRANDA ROCHELE PAZ FONSECA THAIS BARBOSA , VETOR EDITORA , Processos Neuropsicológicos    , De 6 a 12 anos , DE 6 ATÉ 12 anos , INDIVIDUAL NÃO INFORMATIZADO , NÃO INFORMATIZADO , 19/08/2016 , 19/08/2031 , 19/08/2036
Inventário de Ansiedade Beck (BAI) (BAI) Favorável , AARON T. BECK CARINA CHAUBET D'ALCANTE VALIM LUCAS DE FRANCISCO CARVALHO ROBERT A. STEER , PEARSON ," Processos afetivos/emocionais,Saúde Mental e Psicopatologia  ", Instrumento foi desenvolvido para ser aplicado em adultos. , DE 18 ATÉ 90 anos , INDIVIDUAL COLETIVO INFORMATIZADO NÃO INFORMATIZADO , INFORMATIZADO , 30/09/2022 , 30/09/2037 , 30/09/2042
Inventário de Avaliação Ocupacional (IAO) Favorável , ELY BONINI GARCIA EUGÊNIA MATILDE PEIXOTO SOFAL , SID APA , Personalidade    , De 17 a 63 anos , DE 17 ATÉ 63 anos , INDIVIDUAL COLETIVO INFORMATIZADO NÃO INFORMATIZADO , INFORMATIZADO NÃO INFORMATIZADO , 05/09/2008 , 05/09/2023 , 05/09/2028
Inventário de Cinco Fatores NEO Revisado - versão curta (NEO FFI-R) Favorável , PAUL COSTA ROBERT R. MC CRAE , VETOR EDITORA , Personalidade    , De 18 a 74 anos , DE 18 ATÉ 74 anos , INDIVIDUAL COLETIVO INFORMATIZADO NÃO INFORMATIZADO ON LINE (REMOTO) , INFORMATIZADO , 11/04/2008 , 11/04/2023 - Atualização de normas em avaliação , 11/04/2028
Inventário de Depressão de Beck (BDI-II) Favorável , BLANCA SUSANA GUEVARA WERLANG CLARICE GORENSTEIN IRANI IRACEMA DE LIMA ARGIMON YUAN-PANG WANG , CASAPSI LIVRARIA E EDITORA LTDA , Depressão , Pré-adolescentes até idosos , A PARTIR DE 10 ANOS , INDIVIDUAL COLETIVO NÃO INFORMATIZADO , NÃO INFORMATIZADO , 26/11/2010 , 26/11/2025 , 26/11/2030
Inventário de Expressão de Raiva como Estado e Traço (STAXI-2) Favorável , CHARLES D. SPIELBERGER , VETOR EDITORA , Personalidade    , De 17 a 67 anos , DE 17 ATÉ 67 anos , INDIVIDUAL COLETIVO NÃO INFORMATIZADO , NÃO INFORMATIZADO , 06/05/2011 , 06/05/2026 , 06/05/2031
Inventário de Habilidades Sociais 2 (IHS 2 Del Prette) Favorável , ALMIR DEL PRETTE ZILDA APARECIDA PEREIRA DEL PRETTE , CASAPSI LIVRARIA E EDITORA LTDA ," Habilidades/Competências,Habilidades Sociais ", Adultos em geral , DE 18 ATÉ 59 anos , NÃO INFORMATIZADO , INFORMATIZADO NÃO INFORMATIZADO , 19/05/2018 , 19/05/2033 , 19/05/2038
Inventário de Habilidades Sociais Conjugais (IHSC) Favorável , MIRIAM BRATFISCH VILLA ZILDA A. P. DEL PRETTE , CASAPSI LIVRARIA E EDITORA LTDA , Habilidades/Competências , De 20 a 73 anos , DE 20 ATÉ 73 anos , INDIVIDUAL COLETIVO NÃO INFORMATIZADO , INFORMATIZADO NÃO INFORMATIZADO , 01/07/2011 , 01/07/2026 , 01/07/2031
Inventário de Habilidades Sociais Para Adolescentes (IHSA-Del-Prette) Favorável , ALMIR DEL PRETTE ZILDA A. P. DEL PRETTE , CASAPSI LIVRARIA E EDITORA LTDA , Habilidades/Competências , De 12 a 17 anos , DE 12 ATÉ 17 anos , INDIVIDUAL COLETIVO NÃO INFORMATIZADO , INFORMATIZADO NÃO INFORMATIZADO , 01/08/2008 , 01/08/2023 , 01/08/2028
"Inventário de Habilidades Sociais, Problemas de Comportamento e Competência Acadêmica para Crianças (SSRS) Favorável ", ALMIR DEL PRETTE LUCAS CORDEIRO FREITAS MARINA BANDEIRA ZILDA APARECIDA PEREIRA DEL PRETTE , CASAPSI LIVRARIA E EDITORA LTDA , Habilidades/Competências , De 6 a 13 anos , DE 6 ATÉ 13 anos , INDIVIDUAL COLETIVO NÃO INFORMATIZADO , NÃO INFORMATIZADO , 23/08/2014 , 23/08/2029 , 23/08/2034
Inventário de Interesses Profissionais (IIP) Favorável , ANGÉLICA MARIA FERREIRA DE MELO CASTRO DÉBORA ALVES DE AMORIM EMANUEL DUARTE DE ALMEIDA CORDEIRO EMILY SOUZA GAIÃO E ALBUQUERQUE FUNDAÇÃO ITAÚ PARA EDUCAÇÃO E CULTURA JOSÉ MAURÍCIO HAAS BUENO NÓRTHON ROBERTO FERREIRA DE MENDONÇA SECRETARIA DO DESENVOLVIMENTO ECONÔMICO DO ESTADO DE SÃO PAULO , Núcleo de Estudos em Avaliação Psicológica (NEAP) - UFPE , Interesses/Motivações/Necessidades/Expectativas     ," recomendado para contextos de orientação profissional e de carreira, a partir dos 16 anos de idade. ", DE 16 ATÉ 68 anos , ON LINE (REMOTO) , INFORMATIZADO , 09/10/2021 , 09/10/2036 , 09/10/2041
Inventário de Percepção de Suporte Familiar (IPSF) Favorável , MAKILIM NUNES BAPTISTA , VETOR EDITORA ," Percepção de suporte familiar em relaçao a afetividade, autonomia e adaptação em relações familiares ", De 11 a 60 anos , DE 11 ATÉ 57 anos , INDIVIDUAL COLETIVO NÃO INFORMATIZADO , NÃO INFORMATIZADO , 24/04/2009 , 24/04/2024 , 24/04/2029
Inventário de Personalidade NEO Revisado (NEO PI-R ) Favorável , CARLOS H. NUNES CARMEN E. FLORES-MENDONZA ELIZABETH DO NASCIMENTO RICARDO PRIMI , VETOR EDITORA , Personalidade    , De 18 a 60 anos , DE 16 ATÉ 74 anos , INDIVIDUAL COLETIVO INFORMATIZADO NÃO INFORMATIZADO ON LINE (REMOTO) , INFORMATIZADO , 11/04/2008 , 11/04/2023 - Atualização de normas em avaliação , 11/04/2028
Inventário de Sintomas de Stress para Adultos de Lipp ? Revisado (ISSL-R) Favorável , MARILDA EMMANUEL NOVAES LIPP , EDITORA NILA PRESS , Saúde Mental e Psicopatologia  ," Indivíduos a serem avaliados em vários contextos como clínico, hospitalar e organizacional ", DE 15 ATÉ 74 anos , (sem informações) , (sem informações) , 22/10/2022 , 22/10/2037 , 22/10/2042
Inventário Dimensional Clínico da Personalidade 2 e Inventário Dimensional Clínico da Personalidade versão triagem (IDCP-2 ) Favorável , LUCAS DE FRANCISCO CARVALHO RICARDO PRIMI , CASAPSI LIVRARIA E EDITORA LTDA , traços patológicos de personalidade , De 18 a 70 anos , DE 18 ATÉ 70 anos , INDIVIDUAL COLETIVO INFORMATIZADO , INFORMATIZADO , 23/09/2017 , 23/09/2032 , 23/09/2037
Inventário dos Seis Fatores de Personalidade (IFP-6) Favorável , LUIZ PASQUALI , LABPAM SABER E TECNOLOGIA , Personalidade    , Adolescentes e adultos , DE 16 ATÉ 93 anos , INDIVIDUAL , NÃO INFORMATIZADO , 29/04/2017 , 29/04/2032 , 29/04/2037
Inventário Fatorial de Personalidade (IFP-II) Favorável , GISELE APARECIDA DA SILVA ALVES IRENE F. ALMEIDA DE SÁ LEME IVAN SANT'ANA RABELO , CASAPSI LIVRARIA E EDITORA LTDA , Personalidade    , De 14 até 86 anos , DE 14 ATÉ 86 anos , INDIVIDUAL COLETIVO NÃO INFORMATIZADO , INFORMATIZADO NÃO INFORMATIZADO , 24/05/2013 , 24/05/2028 , 24/05/2033
Inventário Fatorial de Personalidade Revisado - Versão Reduzida (IFP-R) Favorável , BARTHOLOMEU TRÓCCOLI LUIZ PASQUALI , LABPAM SABER E TECNOLOGIA , Personalidade    , A partir dos 16 anos , A PARTIR DE 16 ANOS , INDIVIDUAL COLETIVO NÃO INFORMATIZADO , INFORMATIZADO NÃO INFORMATIZADO , 22/03/2014 , 22/03/2029 , 22/03/2034
Inventário Hogan de Personalidade (HPI) Favorável , ANDRÉ HOLER GLEIBER COUTO , ATELIE RH DESENVOLVIMENTO HUMANO E ORGANIZACIONAL , Personalidade    ," A partir de 14 anos, com escolaridade a partir do ensino fundamental completo ", Abaixo de 40 anos e acima de 40 anos , INDIVIDUAL INFORMATIZADO , INFORMATIZADO , 27/06/2015 , 27/06/2030 , 27/06/2035
Manual do Teste de Pfister em Crianças e Adolescentes Favorável , ANNA ELISA DE VILLEMOR-AMARAL , CASAPSI LIVRARIA E EDITORA LTDA , Personalidade    , De 6 a 14 anos , DE 6 ATÉ 14 anos , INDIVIDUAL NÃO INFORMATIZADO , INFORMATIZADO NÃO INFORMATIZADO , 30/11/2013 , 30/11/2028 , 30/11/2033
Marcadores De Resiliência Infantil (MRI) Favorável , TATIANA DE CÁSSIA NAKANO KARINA DA SILVA OLIVEIRA , EDITORA HOGREFE CETEPP ," Crenças/Valores/Atitudes,Desenvolvimento,Habilidades/Competências,Inteligência ,Interesses/Motivações/Necessidades/Expectativas     ,Personalidade    ,Processos afetivos/emocionais ", crianças de 8 a 12 anos , DE 8 ATÉ 12 anos , INDIVIDUAL COLETIVO NÃO INFORMATIZADO , NÃO INFORMATIZADO , 18/06/2021 , 18/06/2036 , 18/06/2041
Matrizes Avançadas de Raven Favorável , ALEXANDRE LUIZ DE OLIVEIRA SERPA LUCAS FRANCISCO DE CARVALHO MARIA MÁRCIA DE OLIVEIRA NAKANO RICARDO PRIMI , CASAPSI LIVRARIA E EDITORA LTDA , Inteligência , De 18 a 63 anos , DE 18 ATÉ 63 anos , INDIVIDUAL COLETIVO NÃO INFORMATIZADO , INFORMATIZADO NÃO INFORMATIZADO , 20/11/2015 , 20/11/2030 , 20/11/2035
Matrizes de Inteligência Geral Não-Verbal (MIG) Favorável , ANNA CAROLINA DE ALMEIDA PORTUGAL IVAN SANT'ANA RABELO JESUS LANDEIRA-FERNANDEZ LUIS ANUNCIAÇÃO NELIMAR RIBEIRO DE CASTRO ROBERTO MORAES CRUZ , EDITORA NILA PRESS , Inteligência , Adolescentes (a partir de 15 anos) e adultos , DE 15 ATÉ 64 anos , INDIVIDUAL COLETIVO , INFORMATIZADO NÃO INFORMATIZADO , 09/07/2021 , 09/07/2036 - Atualização de normas em avaliação , 09/07/2041
Matrizes Progressivas Avançadas de Raven Favorável , CARLOS SANCINETO DA SILVA NUNES MAIANA FARIAS OLIVEIRA NUNES , CASAPSI LIVRARIA E EDITORA LTDA , Raciocínio e capacidade para resolução de problemas ," Homens e mulheres com idades variando de 17 a 52 anos, estudantes universitários; bem como homens e mulheres com idades variando de 18 a 63 anos com escolaridade de Ensino Médio a pós-graduação ", DE 17 ATÉ 52 anos , INDIVIDUAL INFORMATIZADO , INFORMATIZADO , 28/02/2015 , 28/02/2030 , 28/02/2035
Matrizes Progressivas Coloridas de Raven (CPM) Favorável , CARLOS GUILHERME MACIEL FURTADO SCHLOTTFELDT GISELE APARECIDA DA SILVA ALVES JONAS JARDIM DE PAULA LEANDRO FERNANDES MALLOY-DINIZ , CASAPSI LIVRARIA E EDITORA LTDA , Inteligência , De 5 anos a 11 anos e 11 meses , DE 5 ATÉ 11 anos , INDIVIDUAL COLETIVO NÃO INFORMATIZADO , NÃO INFORMATIZADO , 19/05/2018 , 19/05/2033 , 19/05/2038
Memória de Faces Favorável , ALINA GOMIDE VASCONCELOS CLAUCO PIOVANI ELIZABETH DO NASCIMENTO MARCO ANTÔNIO SILVA ALVARENGA , EDITES - EMPRESA DISTRIBUIDORA DE TESTES LTDA , Memória de reconhecimento de faces , De 18 a 89 anos , DE 18 ATÉ 89 anos , INDIVIDUAL COLETIVO NÃO INFORMATIZADO , NÃO INFORMATIZADO , 28/04/2016 , 28/04/2031 , 28/04/2036
Método de Avaliação de Pessoas (MAPA) Favorável , NEYDE VIEIRA DUARTE , NÃO SE APLICA , Perfil e competência comportamental , De 18 a 61 anos , DE 18 ATÉ 61 anos , INDIVIDUAL COLETIVO INFORMATIZADO NÃO INFORMATIZADO , INFORMATIZADO , 03/12/2011 , 03/12/2026 , 03/12/2031
Myers-Briggs Type Indicator -Inventário de Tipos Psicológicos (MBTI) Favorável , ANDRÉ HOLER GLEIBER COUTO ISABEL BRIGGS MYERS KATHARINE COOK BRIGGS , FELLIPELLI INSTRUMENTOS DE DIAGNÓSTICO E DESENVOLVIMENTO ORGANIZACIONAL ," Personalidade    ,Tipos Psicológicos, Características e Preferências Pessoais "," De 18 a 65 anos, com mínimo ensino fundamental completo ", Os escores desse instrumento são interpretados com referência a um critério teórico (e não com referência à norma) , INDIVIDUAL COLETIVO INFORMATIZADO ON LINE (REMOTO) , INFORMATIZADO NÃO INFORMATIZADO , 31/01/2013 , 31/01/2028 , 31/01/2033
O teste de zulliger no sistema compreensivo - forma individual (ZSC ) Favorável , ANNA ELISA DE VILLEMOR-AMARAL RICARDO PRIMI , CASAPSI LIVRARIA E EDITORA LTDA , Personalidade    , De 18 a 83 anos , DE 18 ATÉ 67 anos , INDIVIDUAL NÃO INFORMATIZADO , NÃO INFORMATIZADO , 31/10/2008 , 31/10/2023 , 31/10/2028
O Teste Palográfico na Avaliação da Personalidade Favorável , CRISTIANO ESTEVES IRAI CRISTINA BOCCATO ALVES , VETOR EDITORA , Personalidade    , Adolescentes e adultos , DE 16 ATÉ 60 anos , INDIVIDUAL COLETIVO NÃO INFORMATIZADO , INFORMATIZADO NÃO INFORMATIZADO , 03/09/2004 ," 03/09/2019 - Atualização de normas aprovada na Plenária de 11/05/2019, com vigência até 11/05/2034 ", 03/09/2024
Orpheus - Inventário de Personalidade para o Trabalho Favorável , IGOR GOMES MENEZES JÉRSICA ASSIS LOZADO JOHN RUST MARIA MÀRCIA DE OLIVEIRA NAKANO , GERMINAR RH ASSESSMENTS & COACHING EXECUTIVO , Personalidade    , Adultos que tenham no mínimo ensino médio completo. , DE 18 ATÉ 66 anos , INDIVIDUAL COLETIVO INFORMATIZADO , INFORMATIZADO , 23/03/2018 , 23/03/2033 , 23/03/2038
Psicodiagnóstico Miocinético (PMK) Favorável , ALICE MADELEINE GALLAND DE MIRA BARTHOLOMEU TÔRRES TRÓCCOLI EDUARDO JOSÉ LEGAL JAMIR JOÃO SARDÁ JUNIOR LUIZ PASQUALI ROBERTO MORAES CRUZ , VETOR EDITORA ," Crenças/Valores/Atitudes,Personalidade    ", De 18 a 70 anos , DE 18 ATÉ 66 anos , INDIVIDUAL , INFORMATIZADO NÃO INFORMATIZADO , 13/10/2014 , 13/10/2029 , 13/10/2034
QUATI - Questionário de Avaliação Tipológica Favorável , JOSÉ JORGE DE MORAIS ZACHARIAS , VETOR EDITORA , Personalidade    , De 18 a 34 anos , DE 18 ATÉ 34 anos , INDIVIDUAL COLETIVO INFORMATIZADO NÃO INFORMATIZADO ON LINE (REMOTO) , INFORMATIZADO NÃO INFORMATIZADO ," 25/10/2003 Prazo dos estudos de validade 25/10/2023 Observação Os escores desse instrumento são interpretados com referência a um critério teórico (e não com referência à norma); portanto novas evidências empíricas da interpretação dos escores devem ser apresentadas juntamente com os estudos de validade e precisão, que vencem em 2023.",NA," 25/10/2023 Observação Os escores desse instrumento são interpretados com referência a um critério teórico (e não com referência à norma); portanto novas evidências empíricas da interpretação dos escores devem ser apresentadas juntamente com os estudos de validade e precisão, que vencem em 2023."
"Questionário de Avaliação de Habilidades Sociais, Comportamentos e Contextos para Universitários (QHC UNIVERSITÁRIOS) Favorável ", ALESSANDRA TURINI BOLSONI-SILVA SONIA REGINA LOUREIRO , HOGREFE CETEPP CENTRO EDITOR DE TESTES E PESQUISAS EM PSICOLOGIA , Habilidades sociais de universitários , Universitários , Universitários , INDIVIDUAL COLETIVO , NÃO INFORMATIZADO , 25/10/2013 , 25/10/2028 , 25/10/2033
Questionário de Busca Auto-Dirigida (SDS) Favorável , CAMÉLIA MURGO MANSÃO MAIANA FARIAS DE OLIVEIRA NUNES MONALISA MUNIZ RICARDO PRIMI , CASAPSI LIVRARIA E EDITORA LTDA , Habilidades/Competências , De 13 a 68 anos , DE 13 ATÉ 68 anos , INDIVIDUAL COLETIVO NÃO INFORMATIZADO , NÃO INFORMATIZADO , 27/11/2009 , 27/11/2024 , 27/11/2029
Questionário de Personalidade para Crianças e Adolescentes (EPQ-J) Favorável , CARMEN E. FLORES-MENDONZA , VETOR EDITORA , Personalidade    ," 10 e 16 anos, escolaridade mínima correpondente ao terceiro ano ou que tenha domínio de leitura. ", DE 10 ATÉ 16 anos , INDIVIDUAL COLETIVO NÃO INFORMATIZADO , NÃO INFORMATIZADO , 21/09/2013 , 21/09/2028 , 21/09/2033
R-1 - Forma B - Teste Não Verbal de Inteligência Favorável , ACÁCIA APARECIDA ANGELI DOS SANTOS ANA PAULA PORTO NORONHA FERMINO FERNANDES SISTO , VETOR EDITORA , Inteligência , A partir de 18 anos , DE 16 ATÉ 67 anos , INDIVIDUAL COLETIVO NÃO INFORMATIZADO , NÃO INFORMATIZADO , 01/07/2005 ," 01/07/2020 - Atualização de normas aprovada na Plenária de 20/08/2022, com vigência até 20/08/2037 ", 01/07/2025
R-1 Teste não-verbal de inteligência Favorável , IRAÍ CRISTINA BOCCATO ALVES RYNALDO DE OLIVEIRA , VETOR EDITORA , Inteligência , A partir de 18 anos , DE 16 ATÉ 67 anos , INDIVIDUAL COLETIVO NÃO INFORMATIZADO , INFORMATIZADO NÃO INFORMATIZADO , 11/04/2003 ," 11/04/2018 - Atualização de normas aprovada na Plenária de 23/03/2018, com vigência até 23/03/2033 ", 11/04/2023
R-2 Teste não-verbal de inteligência para crianças Favorável , HELENA RINALDI ROSA IRAI CRISTINA BOCCATO ALVES , VETOR EDITORA , Inteligência , De 5 a 12 anos , DE 5 ATÉ 12 anos , INDIVIDUAL NÃO INFORMATIZADO , NÃO INFORMATIZADO , 11/04/2003 ," 11/04/2018 - Atualização de normas aprovada na Plenária de 19/05/2018, com vigência até 19/05/2033 ", 11/04/2023 Observação
Raciocínio Abstrato (BRD_AR) Favorável , LUIZ PASQUALI , LABPAM SABER E TECNOLOGIA , Inteligência , adolescentes e adultos , DE 18 ATÉ 58 anos , INDIVIDUAL NÃO INFORMATIZADO , INFORMATIZADO NÃO INFORMATIZADO , 14/07/2017 , 14/07/2032 , 14/07/2037
Raciocínio Espacial (BRD_SR) Favorável , LUIZ PASQUALI , LABPAM SABER E TECNOLOGIA , Inteligência , adolescentes e adultos , DE 18 ATÉ 58 anos , INDIVIDUAL NÃO INFORMATIZADO , INFORMATIZADO NÃO INFORMATIZADO , 14/07/2017 , 14/07/2032 , 14/07/2037
Raciocínio Mecânico (BRD_MR) Favorável , LUIZ PASQUALI , LABPAM SABER E TECNOLOGIA , Inteligência , adolescentes e adultos , DE 18 ATÉ 58 anos , INDIVIDUAL NÃO INFORMATIZADO , INFORMATIZADO NÃO INFORMATIZADO , 14/07/2017 , 14/07/2032 , 14/07/2037
Raciocínio Verbal (BRD_VR ) Favorável , LUIZ PASQUALI , LABPAM SABER E TECNOLOGIA , Inteligência , adolescentes e adultos , DE 18 ATÉ 58 anos , INDIVIDUAL NÃO INFORMATIZADO , INFORMATIZADO NÃO INFORMATIZADO , 14/07/2017 , 14/07/2032 , 14/07/2037
Rorschach - Sistema Compreensivo Favorável , ANNA ELISA DE VILLEMOR AMARAL ANTONIO CARLOS PACHECO E SILVA NETO REGINA SONIA GATTAZ FERNANADES DO NASCIMENTO , CASAPSI LIVRARIA E EDITORA LTDA , Personalidade    , A partir de 17 anos , DE 17 ATÉ 47 anos , INDIVIDUAL NÃO INFORMATIZADO , NÃO INFORMATIZADO , 25/10/2003 ," 25/10/2018 - Atualização de normas aprovada na Plenária de 07/12/2018, com vigência até 07/12/2033 ", 25/10/2023
Rorschach - Sistema de Avaliação por Performance (R-PAS) Favorável , DANILO RODRIGUES SILVA FABIANO KOICH MIGUEL , HOGREFE CETEPP CENTRO EDITOR DE TESTES E PESQUISAS EM PSICOLOGIA , Personalidade    , Adultos , DE 17 ATÉ 69 anos , INDIVIDUAL NÃO INFORMATIZADO , INFORMATIZADO NÃO INFORMATIZADO , 29/04/2017 , 29/04/2032 - Atualização de normas em avaliação , 29/04/2037
Rorschach Clínico Favorável , LUCIA MARIA SÁLVIA COELHO , TERCEIRA MARGEM EDITORA DIDÁTICA LTDA , Personalidade    , De 16 a 60 anos , DE 16 ATÉ 60 anos , INDIVIDUAL , NÃO INFORMATIZADO , 13/03/2004 ," 13/03/2019 - Atualização de normas aprovada na Plenária de 29/06/2019, com vigência até 29/06/2034 ", 13/03/2024
Roteiro de Entrevista de Habilidades Sociais Educativas Parentais (RE-HSE-P) Favorável , ALESSANDRA TURINI BOLSONI SILVA EDNA MARIA MARTURANO SONIA REGINA LOUREIRO , HOGREFE CETEPP CENTRO EDITOR DE TESTES E PESQUISAS EM PSICOLOGIA , Caracterização e levantamento de indicadores de problemas comportamentais de crianças escolares e pré-escolares ," Pai, mãe e/ou responsável ", adultos , COLETIVO NÃO INFORMATIZADO , NÃO INFORMATIZADO , 01/10/2010 , 01/10/2025 , 01/10/2030
SON-R 6-40_Teste Não -Verbal de Inteligência (SON-R 6-40) Favorável , FELIPE VALENTINI PETER J. TELLEGEN RENATA M. F. DE LIMA JACOB A. LAROS , EDITORA HOGREFE CETEPP , Inteligência ," Crianças e adultos, amostra geral, pessoas com dificuldade para se comunicar ", DE 6 ATÉ 40 anos , INDIVIDUAL , INFORMATIZADO NÃO INFORMATIZADO , 19/02/2022 , 19/02/2037 , 19/02/2042
Sosie 2ª Geração Favorável , ACÁCIA APARECIDA ANGELI DOS SANTOS ALEXANDRE LUIZ DE OLIVEIRA SERPA FABIÁN JAVIER MARIN RUEDA MARIA MÁRCIA DE OLIVEIRA NAKANO RICARDO PRIMI , CASAPSI LIVRARIA E EDITORA LTDA , Personalidade    , Adultos , DE 18 ATÉ 65 anos , INDIVIDUAL COLETIVO INFORMATIZADO , INFORMATIZADO , 23/08/2014 , 23/08/2029 , 23/08/2034
Técnica de Apercepção para Idosos (SAT) Favorável , LEILA SALOMÃO DE LA PLATA CURY TARDIVO ADELE DE MIGUEL LEOPOLD BELLAKE DAVID M. ABRAMS MARIA CECÍLIA DE VILHENA MORAIS SILVA SILÉSIA MARIA VENEROSO DELPHINO TOSI , VETOR EDITORA ," Personalidade    ,Técnicas Projetivas ", A partir dos 60 anos , A PARTIR DE 60 ANOS , INDIVIDUAL NÃO INFORMATIZADO , NÃO INFORMATIZADO , 24/05/2013 Prazo dos estudos de validade 24/05/2033,NA, 24/05/2033
Teste AC Favorável , SUZY VIJANDE CAMBRAIA , Vetor ," Atenção,atenção concentrada ", Adolescentes e adultos , DE 17 ATÉ 64 anos , INDIVIDUAL COLETIVO NÃO INFORMATIZADO , NÃO INFORMATIZADO , 25/10/2003 ," 25/10/2018 - Atualização de normas aprovada na Plenária de 26/10/2018, com vigência até 26/10/2033 ", 25/10/2023
Teste computadorizado de atenção - versão visual (TCA Visual ) Favorável , ALEX C. MANHÃES SERGIO L. SCHMIDT , EDITORA COGNIÇÃO LTDA , Atenção , A partir de 18 anos , A PARTIR DE 18 , INDIVIDUAL INFORMATIZADO , INFORMATIZADO NÃO INFORMATIZADO , 16/01/2004 ," 16/01/2019 - Atualização de normas aprovada na Plenária de 27/04/2019, com vigência até 27/04/2034 ", 16/01/2024
Teste Conciso de Raciocínio (TCR) Favorável , FERMINO FERNANDES SISTO , CASAPSI LIVRARIA E EDITORA LTDA , Inteligência , De 18 a 73 anos , DE 18 ATÉ 65 anos , INDIVIDUAL COLETIVO NÃO INFORMATIZADO , INFORMATIZADO NÃO INFORMATIZADO , 01/09/2006 , 01/09/2021 - Atualização de normas em avaliação ," 01/09/2026 Observação Prazo dos estudos de normatização: Prorrogado pela Resolução CFP nº 09/2020, com vigência até 31/12/2021 - Atualização de normas em avaliação"
Teste d2 - Revisado (d2-R) Favorável , ALEXANDRE LUIZ DE OLIVEIRA SERPA CARLOS G. M. F. SCHLOTTFELDT LEANDRO F. MALLOY-DINIZ , HOGREFE CETEPP CENTRO EDITOR DE TESTES E PESQUISAS EM PSICOLOGIA , Processos perceptivos/cognitivos ," crianças, adolescentes, adultos e idosos. ", DE 7 ATÉ 76 anos , INDIVIDUAL COLETIVO INFORMATIZADO , INFORMATIZADO NÃO INFORMATIZADO , 27/04/2019 , 27/04/2034 , 27/04/2039
Teste D70 - Manual revisado e ampliado Favorável , IRAI CRISTINA BOCCATO ALVES , HOGREFE CETEPP CENTRO EDITOR DE TESTES E PESQUISAS EM PSICOLOGIA , Inteligência não-verbal , Adolescentes e adultos com nível de escolaridade equivalente ao Ensino Médio e/ou Superior , Adolescentes e adultos com nível de escolaridade equivalente ao Ensino Médio e/ou Superior , INDIVIDUAL COLETIVO NÃO INFORMATIZADO , INFORMATIZADO NÃO INFORMATIZADO , 11/04/2008 , 11/04/2023 , 11/04/2028
Teste de Apercepção Infantil - Figuras de Animais (CAT-A) Favorável , ADELE DE MIGUEL LEILA SALOMÃO DE LA PLATA CURY TARDIVO MARIA CECÍLIA DE VILHENA MORAES SILÉSIA MARIA VENEROSO DELPHINO TOSI , VETOR EDITORA , Personalidade    , De 5 até 10 anos , DE 5 ATÉ 10 anos , INDIVIDUAL NÃO INFORMATIZADO , NÃO INFORMATIZADO , 22/03/2013 Prazo dos estudos de validade 22/03/2033,NA, 22/03/2033
Teste de Apercepção Infantil - Figuras Humanas (CAT-H) Favorável , ADELE DE MIGUEL LEILA SALOMÃO DE LA PLATA CURY TARDIVO LEOPOLD BELLAK MARIA CECÍLIA DE VILHENA MORAES MARVIN S. HURVICH SILÉSIA MARIA VENEROSO DELPHINO TOSI , VETOR EDITORA , Personalidade    , De 7 a 12 anos , 7 anos a 12 anos e 11 meses , INDIVIDUAL NÃO INFORMATIZADO , NÃO INFORMATIZADO , 19/08/2016 Prazo dos estudos de validade 19/08/2036,NA, 19/08/2036
Teste de Apercepção Temática (TAT) Favorável , HENRY A. MURRAY MARIA CECILIA VILHENA M. SILVA , CASAPSI LIVRARIA E EDITORA LTDA , Personalidade    , De 14 a 40 anos , Os escores desse instrumento são interpretados com referência a um critério teórico (e não com referência à norma) , INDIVIDUAL NÃO INFORMATIZADO , NÃO INFORMATIZADO , 25/10/2003 ," - Os escores desse instrumento são interpretados com referência a um critério teórico (e não com referência à norma); portanto novas evidências empíricas da interpretação dos escores devem ser apresentadas juntamente com os estudos de validade e precisão, que vencem em 2023. ", 25/10/2023
Teste de Aprendizagem Auditivo-Verbal de Rey (RAVLT) Favorável , ANDRÉ REY JONAS JARDIM DE PAULA LEANDRO FERNANDES MALLOY-DINIZ , VETOR EDITORA , Processos Neuropsicológicos    ," crianças, adolescentes, adultos e idosos. ", DE 6 ATÉ 92 anos , INDIVIDUAL , NÃO INFORMATIZADO , 24/02/2018 , 24/02/2033 , 24/02/2038
Teste de Aptidão para Pilotagem Militar (TAPMIL) Favorável , MAURÍCIO PEREIRA DA COSTA , INSTITUTO DE PSICOLOGIA DA AERONÁUTICA (IPA) , Habilidades/Competências , Adultos , DE 18 ATÉ 22 anos , INDIVIDUAL COLETIVO INFORMATIZADO , INFORMATIZADO , 01/08/2009 , 01/08/2024 , 01/08/2029
Teste de Atenção Concentrada (TEACO-FF) Favorável , FABIAN JAVIER MARIN RUEDA FERMINO FERNANDES SISTO , VETOR EDITORA ," Atenção,atenção concentrada ", De 18 a 61 anos , DE 18 ATÉ 61 anos , INDIVIDUAL COLETIVO NÃO INFORMATIZADO , INFORMATIZADO NÃO INFORMATIZADO , 01/08/2009 , 01/08/2024 , 01/08/2029
Teste de Atenção Concentrada AC15 (AC15) Favorável , EFRAIM ROJAS BOCCALLANDRO , VETOR EDITORA ," Atenção,atenção concentrada ", De 16 a 60 anos , DE 16 ATÉ 60 anos , INDIVIDUAL COLETIVO NÃO INFORMATIZADO , INFORMATIZADO NÃO INFORMATIZADO , 24/10/2003 ," 24/10/2018 - Atualização de normas aprovada na Plenária de 29/09/2018, com vigência até 29/09/2033 ", 24/10/2023
Teste de Atenção Concentrada-2 (TEACO-2) Favorável , FABIÁN JAVIER MARÍN RUEDA FERMINO FERNANDES SISTO , VETOR EDITORA ," Atenção,Processos Neuropsicológicos    ,Processos perceptivos/cognitivos "," Os estudos apresentados neste manual foram realizados com pessoas de 18 a 93 anos, homens e mulheres, com escolaridades variando desde pessoas não alfabetizadas até a pós-graduação concluída, das cinco regiões geográficas do Brasil, com normas de interpretação específicas para os 26 estados da federação e o Distrito Federal. ", DE 18 ATÉ 93 anos , INDIVIDUAL COLETIVO NÃO INFORMATIZADO , NÃO INFORMATIZADO , 18/11/2022 , 18/11/2037 , 18/11/2042
Teste de Atenção Dividida (TEADI) e Teste de Atenção Alternada (TEALT) Favorável , FABIÁN JAVIER MARÍN RUEDA , VETOR EDITORA ," Atenção,Atenção dividida e atenção alternada ", De 18 a 72 anos , DE 18 ATÉ 72 anos , INDIVIDUAL COLETIVO NÃO INFORMATIZADO , INFORMATIZADO NÃO INFORMATIZADO , 19/03/2010 , 19/03/2025 , 19/03/2030
Teste de Atenção Dividida-2 e Teste de Atenção Alternada-2 (TEADI-2 e TEALT-2) Favorável , FABIÁN JAVIER MARÍN RUEDA , VETOR EDITORA ," Atenção, Atenção Dividida, Atenção Alternada ", Geral , DE 18 ATÉ 98 anos , INDIVIDUAL COLETIVO NÃO INFORMATIZADO , NÃO INFORMATIZADO , 20/08/2022 , 20/08/2037 , 20/08/2042
Teste de Atenção Seletiva (TAS) Favorável , FÁBIO CAMILO DA SILVA , VETOR EDITORA ," Atenção,atenção seletiva ", De 15 a 60 anos , DE 15 ATÉ 60 anos , INDIVIDUAL COLETIVO NÃO INFORMATIZADO , INFORMATIZADO NÃO INFORMATIZADO , 18/11/2011 , 18/11/2026 , 18/11/2031
Teste de Atenção Visual (TAVIS 4) Favorável , GABRIEL COUTINHO NEANDER ABREU PAULO MATTOS PILAR ERTHAL , CENTRO DE NEUROPSICOLOGIA APLICADA CNA ," Atenção,Processos Neuropsicológicos    ,Processos perceptivos/cognitivos ", Crianças de 6 a 11 anos e adolescentes de 12 a 18 anos , DE 6 ATÉ 17 anos , INDIVIDUAL , INFORMATIZADO , 21/07/2018 , 21/07/2033 , 21/07/2038
Teste de Cancelamento dos Sinos Favorável , LOUISE GAUTHIER CAROLINE DE OLIVEIRA CARDOSO KARIN ZAZO ORTIZ MARIA ALICE DE MATTOS PIMENTA PARENTE ROCHELE PAZ FONSECA YVES JOANETTE , VETOR EDITORA , Processos Neuropsicológicos    , adultos , DE 19 ATÉ 75 anos , INDIVIDUAL , NÃO INFORMATIZADO , 24/02/2018 , 24/02/2033 , 24/02/2038
Teste de Criatividade Figural Infantil Favorável , RICARDO PRIMI SOLANGE MUGLIA WECHSLER TATIANA DE CÁSSIA NAKANO , VETOR EDITORA , criatividade figural , 1ª a 8ª do ensino fundamental (2ª ao 9º ano) , 1ª a 8ª do ensino fundamental (2ª ao 9º ano) , INDIVIDUAL COLETIVO NÃO INFORMATIZADO , NÃO INFORMATIZADO , 26/11/2010 , 26/11/2025 , 26/11/2030
Teste de Desenvolvimento do Raciocínio Indutivo (TDRI) Favorável , CRISTIANO MAURO ASSIS GOMES HUDSON FERNANDES GOLINO , LABORATÓRIO DE INVESTIGAÇÃO DA ARQUITETURA COGNITIVA - LAICO ," Desenvolvimento,Inteligência "," Crianças, adolescentes e adultos ", DE 5 ATÉ 86 anos , INDIVIDUAL COLETIVO , NÃO INFORMATIZADO , 26/01/2018 , 26/01/2033 , 26/01/2038
Teste de Habilidade para o Trabalho Mental (HTM) Favorável , LUCILA MARIA COSTI SANTAROSA OLGA WAINSTEIN ZENIA RAUPP DO PRADO , VETOR EDITORA ," Raciocínio Lógico Verbal, Numérico e Abstrato "," De 11 a 60 anos, com escolaridade minima da 5a série do Ensino Fundamental ", DE 11 ATÉ 60 anos , INDIVIDUAL COLETIVO INFORMATIZADO NÃO INFORMATIZADO ON LINE (REMOTO) Obs: Para HTM Númerico e Verbal , INFORMATIZADO NÃO INFORMATIZADO , 26/11/2010 , 26/11/2025 , 26/11/2030
Teste de Habilidades e Conhecimento pré-alfabetização (THCP) Favorável , CARMEN E. FLORES-MENDONZA MARIANA TELLES RENATA SALDANHA SILVA , VETOR EDITORA , Habilidades/Competências , De 4 a 7 anos , DE 3 ATÉ 8 anos , INDIVIDUAL NÃO INFORMATIZADO , NÃO INFORMATIZADO , 22/03/2013 , 22/03/2028 , 22/03/2033
Teste de Habilidades Sociais para crianças em situação escolar (THAS-C) Favorável , DANIEL BARTHOLOMEU JOSÉ MARIA MONTIEL MARJORIE CRISTINA ROCHA DA SILVA , MEMNON EDIÇÕES CIENTÍFICAS , Habilidades/Competências , De 7 até 15 anos , DE 7 ATÉ 15 anos , INDIVIDUAL COLETIVO NÃO INFORMATIZADO , NÃO INFORMATIZADO , 31/01/2013 , 31/01/2028 , 31/01/2033
Teste de Inteligência (TI) Favorável , FABIÁN JAVIER MARÍN RUEDA NELIMAR RIBEIRO DE CASTRO , VETOR EDITORA , Inteligência , De 18 a 67 anos , DE 18 ATÉ 67 anos , INDIVIDUAL COLETIVO NÃO INFORMATIZADO , INFORMATIZADO NÃO INFORMATIZADO , 18/11/2011 , 18/11/2026 , 18/11/2031 Observação Estudos específicos de normas para ANAC aprovado na Plenária de 27/02/2018.
Teste de Inteligência Verbal (TIV) Favorável , FÁBIO CAMILO DA SILVA LUCIANO FRANZIM NETO , VETOR EDITORA , Inteligência ," De 17 a 50 anos, com escolaridade equivalente ao ensino médio ou superior ", DE 17 ATÉ 50 anos , INDIVIDUAL COLETIVO NÃO INFORMATIZADO , NÃO INFORMATIZADO , 22/03/2013 , 22/03/2028 , 22/03/2033
Teste de Memória de Reconhecimento (TEM-R) Favorável , ALEXANDRE JOSÉ RAAD FABIÁN JAVIER MARÍN RUEDA REBECCA DE MAGALHÃES MONTEIRO , VETOR EDITORA , memória de reconhecimento , De 17 até 53 anos , DE 17 ATÉ 53 anos , INDIVIDUAL COLETIVO INFORMATIZADO NÃO INFORMATIZADO ON LINE (REMOTO) , INFORMATIZADO NÃO INFORMATIZADO , 31/01/2013 , 31/01/2028 , 31/01/2033
Teste de Memória de Reconhecimento 2 (TEM-R-2) Favorável , ALEXANDRE JOSÉ RAAD FABIÁN JAVIER MARÍN RUEDA REBECCA DE MAGALHÃES MONTEIRO , VETOR EDITORA , Memória ," Pessoas de 15 a 87 anos, homens e mulheres, com escolaridades variando desde o ensino fundamental incompleto até a pós-graduação concluída, dos 26 estados brasileiros e do Distrito Federal. ", DE 15 ATÉ 87 anos , INDIVIDUAL COLETIVO INFORMATIZADO NÃO INFORMATIZADO ON LINE (REMOTO) , INFORMATIZADO NÃO INFORMATIZADO , 12/11/2021 , 12/11/2036 , 12/11/2041
Teste de Memória de Reconhecimento Memore (Memore) Favorável , IVAN SANT ANA RABELO LUIS ANUNCIAÇÃO NELIMAR RIBEIRO DE CASTRO ROBERTO MORAES CRUZ , EDITORA NILA PRESS ," Processos Neuropsicológicos    ,Processos perceptivos/cognitivos ,Memória "," Indivíduos com idades entre 14 e 64 anos de ambos os sexos, com escolaridade a partir do Ensino Fundamental ao Ensino Superior. ", DE 14 ATÉ 64 anos , INDIVIDUAL COLETIVO , INFORMATIZADO NÃO INFORMATIZADO , 29/06/2019 , 29/06/2034 - Atualização de normas em avaliação , 29/06/2039
Teste de Memória Visual de Rostos (MVR) Favorável , IRENE F. ALMEIDA DE SÁ LEME IVAN SANT'ANA RABELO MILENA DE OLIVEIRA ROSSETTI SÍLVIA VERÔNICA PACANARO , CASAPSI LIVRARIA E EDITORA LTDA , memória visual , De 18 a 80 anos , DE 18 ATÉ 80 anos , INDIVIDUAL COLETIVO NÃO INFORMATIZADO , INFORMATIZADO NÃO INFORMATIZADO , 18/06/2010 , 18/06/2025 , 18/06/2030
Teste de Memória Visual para o Trânsito (MVT) Favorável , IVAN SANT ANA RABELO , CASAPSI LIVRARIA E EDITORA LTDA , Memória visual , De 16 até 67 anos , DE 16 ATÉ 67 anos , INDIVIDUAL COLETIVO NÃO INFORMATIZADO , INFORMATIZADO NÃO INFORMATIZADO , 22/03/2013 , 22/03/2028 , 22/03/2033
Teste de Retenção Visual de Benton (BVRT) Favorável , ABIGAIL BENTON SIVAN CLARISSA MARCELI TRENTINI CLAUDIO SIMON HUTZ DENISE RUSCHEL BANDEIRA JERUSA FUMAGALLI DE SALLES JOICE DICKEL SEGABINAZI , VETOR EDITORA ," memória visual, percepção visual e praxia visuoconstrutiva ", De 7 a 30 anos e idosos entre 60 e 75 anos , De 7 a 30 anos e idosos entre 60 a 75 anos , INDIVIDUAL NÃO INFORMATIZADO , NÃO INFORMATIZADO , 19/03/2016 , 19/03/2031 , 19/03/2036
Teste de Trilhas Coloridas Favorável , IRENE F. ALMEIDA DE SÁ LEME IVAN SANT'ANA RABELO MILENA DE OLIVEIRA ROSSETI SÍLVIA VERÔNICA PACANARO , CASAPSI LIVRARIA E EDITORA LTDA ," Atenção,Atenção sustentada e dividida ", De 18 a 86 anos , DE 18 ATÉ 86 anos , INDIVIDUAL NÃO INFORMATIZADO , NÃO INFORMATIZADO , 19/03/2010 , 19/03/2025 , 19/03/2030
Teste de Zulliger no sistema Escola de Paris: forma individual Favorável , ELIZABETH DO NASCIMENTO MARCELO AUGUSTO RESENDE , EDITORA HOGREFE CETEPP ," Personalidade    ,Processos afetivos/emocionais,Processos perceptivos/cognitivos ,Saúde Mental e Psicopatologia  ", De 18 a 92 anos , DE 18 ATÉ 92 anos , INDIVIDUAL , NÃO INFORMATIZADO , 30/06/2018 , 30/06/2033 , 30/06/2038
Teste dos Cinco Dígitos (FDT) Favorável , JONAS JARDIM DE PAULA LEANDRO FERNANDES MALLOY MANUEL SEDÓ , HOGREFE CETEPP CENTRO EDITOR DE TESTES E PESQUISAS EM PSICOLOGIA ," Atenção,velocidade de processamento e funções executivas ", De 6 a 92 anos , DE 6 ATÉ 92 anos , INDIVIDUAL NÃO INFORMATIZADO , NÃO INFORMATIZADO , 24/04/2015 , 24/04/2030 , 24/04/2035
Teste dos Cubos para avaliação do Raciocínio Viso-Espacial Favorável , FABIÁN JAVIER MARÍN RUEDA MONALISA MUNIZ , VETOR EDITORA , Raciocínio visuoespacial , De 16 a 66 anos , DE 16 ATÉ 66 anos , INDIVIDUAL COLETIVO NÃO INFORMATIZADO , NÃO INFORMATIZADO , 18/11/2011 , 18/11/2026 , 18/11/2031
Teste dos relógios (B e C) Favorável , FÁBIO DE VASCONCELOS SOUZA SUZY VIJARDE CAMBRAIA , VETOR EDITORA , Inteligência , De 16 a 62 anos , DE 16 ATÉ 62 anos , INDIVIDUAL COLETIVO NÃO INFORMATIZADO , NÃO INFORMATIZADO , 11/04/2003 ," 11/04/2018 - Atualização de normas aprovada na Plenária de 19/05/2018, com vigência até 19/05/2033 ", 11/04/2023
Teste Gestaltico Visomotor de Bender - Sistema de Pontuação Gradual - Versão Revisada (B-SPG-rev) Favorável , ACÁCIA APARECIDA ANGELI DOS SANTOS ANA PAULA PORTO NORONHA FERMINO FERNANDES SISTO , VETOR EDITORA ," Processos Neuropsicológicos    ,Processos perceptivos/cognitivos ", Crianças brasileiras , DE 6 ATÉ 10 anos , INDIVIDUAL COLETIVO NÃO INFORMATIZADO , NÃO INFORMATIZADO , 03/12/2022 , 03/12/2037 , 03/12/2042
Teste Infantil de Memória - Forma Reduzida (TIME-R) Favorável , CINTIA PEREZ DUARTE ELIZEU COUTINHO DE MACEDO TATIANA PONTRELLI MECCA , ," Processos Neuropsicológicos    ,Processos perceptivos/cognitivos ", Crianças pré-escolares , DE 3 ATÉ 3 anos , INDIVIDUAL , NÃO INFORMATIZADO , 30/06/2018 , 30/06/2033 , 30/06/2038
Teste Matrizes de Viena -2 (WMT-2) Favorável , ALYSSON MASSOTE CARVALHO CARLOS GUILHERME SCHLOTTFELDT DANILO ASSIS PEREIRA LEANDRO FERNANDES MALLOY-DINIZ , HOGREFE CETEPP CENTRO EDITOR DE TESTES E PESQUISAS EM PSICOLOGIA , Inteligência , De 14 a 69 anos , DE 14 ATÉ 69 anos , INDIVIDUAL COLETIVO NÃO INFORMATIZADO , NÃO INFORMATIZADO , 21/09/2013 , 21/09/2028 , 21/09/2033
Teste Não Verbal de Inteligência Geral BETA-III (Subtestes Raciocínio Matricial e Códigos) Favorável , GISELE APARECIDA DA SILVA ALVES IRENE F. ALMEIDA DE SÁ LEME IVAN SANT ANA RABELO RODOLFO AUGUSTO MATEO AMBIEL SÍLVIA VERÔNICA PACANARO , CASAPSI LIVRARIA E EDITORA LTDA , Inteligência ," De 14 a 83 anos, com ensino fundamental até superior ", DE 14 ATÉ 83 anos , INDIVIDUAL COLETIVO , INFORMATIZADO NÃO INFORMATIZADO , 01/07/2011 , 01/07/2026 , 01/07/2031
Teste Não-Verbal de Inteligência - SON-R 2½-7[a] Favorável , CAMILA A. KARINO GIRLENE R. DE JESUS JACOB A. LAROS PETER J. TELLEGEN , HOGREFE CETEPP CENTRO EDITOR DE TESTES E PESQUISAS EM PSICOLOGIA , Inteligência , De 2 anos e seis meses a 7 anos e 11 meses , DE 2 ATÉ 7 anos , INDIVIDUAL , INFORMATIZADO NÃO INFORMATIZADO , 25/02/2012 , 25/02/2027 , 25/02/2032
Teste Não-Verbal de Raciocínio para Crianças (TNVRI) Favorável , LUIZ PASQUALI , VETOR EDITORA , Inteligência , De 5 anos e 9 meses a 13 anos e 3 meses , DE 5 ATÉ 14 anos , INDIVIDUAL NÃO INFORMATIZADO , NÃO INFORMATIZADO , 02/07/2005 ," 02/07/2020 - Atualização de normas aprovada na Plenária de 03/12/2022, com vigência até 03/12/2037 ", 02/07/2025
Teste Pictórico de Memória 2 (TEPIC-M-2) Favorável , FABIÁN JAVIER MARÍN RUEDA FERMINO FERNANDES SISTO , VETOR EDITORA , Memória ," adolescentes, adultos e idosos ", DE 15 ATÉ 92 anos , INDIVIDUAL COLETIVO NÃO INFORMATIZADO , NÃO INFORMATIZADO , 11/12/2021 , 11/12/2036 , 11/12/2041
Teste Verbal de inteligência (V-47) Favorável , EFRAIM ROJAS BOCCALANDRO , VETOR EDITORA , Inteligência , De 17 a 50 anos , DE 17 ATÉ 50 anos , INDIVIDUAL COLETIVO NÃO INFORMATIZADO , INFORMATIZADO NÃO INFORMATIZADO , 25/10/2003 ," 25/10/2018 - Atualização de normas aprovada na Plenária de 31/08/2018, com vigência até 31/08/2033 ", 25/10/2023
Teste Wisconsin de Classificação de Cartas (WCST) Favorável , BRUNA GOMES MÔNEGO CLARISSA MARCELI TRENTINI IRANI IRACEMA DE LIMA ARGIMON JOSÉ HUMBERTO DA SILVA FILHO LARISSA LEITE BARBOZA MAISA DOS SANTOS RIGONI MARGARETH DA SILVA OLIVEIRA , HOGREFE CETEPP CENTRO EDITOR DE TESTES E PESQUISAS EM PSICOLOGIA ," Processos Neuropsicológicos    ,Processos perceptivos/cognitivos "," Crianças, adolescentes, adultos e idosos, a partir de 6 anos até 89. ", DE 6 ATÉ 89 anos , INDIVIDUAL NÃO INFORMATIZADO , NÃO INFORMATIZADO , 07/12/2018 , 07/12/2033 , 07/12/2038
Teste Wisconsin de Classificação de Cartas - versão para idosos Favorável , BLANCA GUEVARA WERLANG CLARISSA MARCELI TRENTINI IRANI DE LIMA ARGIMON MARGARETH DA SILVA OLIVEIRA , CASAPSI LIVRARIA E EDITORA LTDA , Raciocínio abstrato e estratégias de solução de problemas , A partir dos 60 anos , DE 60 ATÉ 89 anos , INDIVIDUAL NÃO INFORMATIZADO , NÃO INFORMATIZADO , 19/03/2010 , 19/03/2025 , 19/03/2030
Z-Teste Coletivo e Individual Técnica de Zulliger Favorável , CICERO EMÍDIO VAZ JOÃO CARLOS ALCHIERI , HOGREFE CETEPP CENTRO EDITOR DE TESTES E PESQUISAS EM PSICOLOGIA , Personalidade    , A partir de 16 anos , DE 16 ATÉ 78 anos , INDIVIDUAL COLETIVO NÃO INFORMATIZADO , NÃO INFORMATIZADO , 29/07/2016 , 29/07/2031 , 29/07/2036
